Distance,Angle,Velocity,Labels,Predictions
0.378906,-12.5389,0.0,1.0,0.0
0.425781,-18.3204,0.351562,1.0,0.0
0.394531,-21.1968,0.390625,0.0,1.0
0.425781,-18.3204,0.351562,1.0,0.0
0.394531,-21.1968,0.390625,0.0,1.0
0.382812,-12.5407,0.0,1.0,0.0
0.488281,-17.8734,0.351562,1.0,0.0
0.488281,-17.8734,0.351562,1.0,0.0
0.226562,-14.8697,0.585938,1.0,0.0
0.488281,-17.8734,0.351562,1.0,0.0
0.257812,-19.5423,0.390625,1.0,0.0
